"Severity","Type","Title","Category","Object","ObjectType","ObjectDn","Detail","Mitre"
"High","entra_security_defaults_off","Security defaults off and no MFA enforced by Conditional Access","Entra Access Policy","MooseBank Cloud","tenant","","Security defaults disabled and no enabled CA policy requires MFA for all users.","T1556.006"
"High","entra_no_ca_mfa_admins","No Conditional Access policy enforcing MFA on admins","Entra Access Policy","admin roles","policy","","No enabled CA policy with an MFA grant control targets admin roles or all users.","T1556.006"
"High","entra_legacy_auth_allowed","Legacy authentication not blocked","Entra Access Policy","tenant","policy","","No enabled CA policy blocks legacy authentication.","T1110"
"Low","entra_report_only_ca_stale","Conditional Access policy left in report-only / disabled","Entra Access Policy","Report-only MFA test","capolicy","00000200-0000-0000-0000-000000000000","Policy state: enabledForReportingButNotEnforced.",""
"Medium","entra_users_can_register_apps","All users can register applications","Entra Access Policy","authorizationPolicy","policy","","defaultUserRolePermissions.allowedToCreateApps = true.","T1098.001"
"Low","entra_guest_invite_open","Non-admins can invite guests","Entra Access Policy","authorizationPolicy","policy","","allowInvitesFrom = everyone (everyone, guests included).","T1136.003"
"Medium","entra_users_can_consent","Admin consent workflow not enabled","Entra Access Policy","adminConsentRequestPolicy","policy","","Admin consent request workflow is not enabled.","T1528"
"High","entra_privileged_guest","Guest account in a privileged role","Entra Identity","ext.partner_gmail.com#EXT#@moosebank.onmicrosoft.com","user","00000004-0000-0000-0000-000000000000","Guest holds: Global Administrator.","T1078.004"
"Critical","entra_admins_without_mfa","Privileged role member without MFA registered","Entra Identity","bob.admin@moosebank.onmicrosoft.com","user","00000002-0000-0000-0000-000000000000","No MFA method registered. Roles: Global Administrator.","T1078.004"
"Critical","entra_admins_without_mfa","Privileged role member without MFA registered","Entra Identity","carol.sec@moosebank.onmicrosoft.com","user","00000003-0000-0000-0000-000000000000","No MFA method registered. Roles: Security Administrator.","T1078.004"
"Low","entra_stale_guest","Stale guest account","Entra Identity","ext.partner_gmail.com#EXT#@moosebank.onmicrosoft.com","user","00000004-0000-0000-0000-000000000000","Guest, last sign-in: 400 days ago (threshold 90).","T1078.004"
"Low","entra_stale_guest","Stale guest account","Entra Identity","old.guest_outlook.com#EXT#@moosebank.onmicrosoft.com","user","00000030-0000-0000-0000-000000000000","Guest, last sign-in: 300 days ago (threshold 90).","T1078.004"
"Critical","entra_app_high_privilege","Service principal with tenant-takeover permission","Entra Applications","Backup Automation","serviceprincipal","00000400-0000-0000-0000-000000000000","Application permissions: RoleManagement.ReadWrite.Directory.","T1098.001"
"Critical","entra_app_high_privilege","Service principal with tenant-takeover permission","Entra Applications","func-payroll-mi","serviceprincipal","00000405-0000-0000-0000-000000000000","Application permissions: RoleManagement.ReadWrite.Directory.","T1098.001"
"Low","entra_app_credential_expiring","Application credential expired or expiring","Entra Applications","Legacy Sync App","application","00000300-0000-0000-0000-000000000000","credential expires in 10 days (10/10/2026 08:00:00.ToString('yyyy-MM-dd')).",""
"Low","entra_app_credential_expiring","Application credential expired or expiring","Entra Applications","Reporting App","application","00000301-0000-0000-0000-000000000000","credential expired 5 days ago (09/25/2026 08:00:00.ToString('yyyy-MM-dd')).",""
"High","entra_admin_synced_from_onprem","Admin account synchronized from on-premises AD","Entra Identity","dave.appadmin@moosebank.onmicrosoft.com","user","00000005-0000-0000-0000-000000000000","Synced from on-premises AD. Roles: Application Administrator.","T1078.004"
"Medium","entra_pim_not_used","Standing admin access (PIM not used)","Entra Identity","admin roles","role","","4 principals hold admin roles permanently (expected at most 2 emergency accounts); 1 eligible assignments in PIM. Permanent: alice.ceo@moosebank.onmicrosoft.com, bob.admin@moosebank.onmicrosoft.com, ext.partner_gmail.com#EXT#@moosebank.onmicrosoft.com, carol.sec@moosebank.onmicrosoft.com.","T1078.004"
"Medium","entra_no_phishing_resistant_admins","Admins not required to use phishing-resistant MFA","Entra Access Policy","admin roles","policy","","No enabled CA policy for admin roles requires the phishing-resistant MFA strength.","T1556.006"
"Low","entra_auth_transfer_allowed","Authentication transfer not blocked","Entra Access Policy","tenant","policy","","No enabled CA policy blocks authentication transfer.","T1528"
"Medium","entra_risk_policies_missing","No user-risk / sign-in-risk Conditional Access","Entra Access Policy","tenant","policy","","No enabled CA policy on user risk.","T1078.004"
"Low","entra_admin_sign_in_frequency","Admin sessions not limited","Entra Access Policy","admin roles","policy","","No enabled CA policy for admin roles sets a sign-in frequency or a non-persistent browser session.","T1550.001"
"Low","entra_no_periodic_reauth","No periodic reauthentication for all users","Entra Access Policy","all users","policy","","No enabled CA policy for all users sets a sign-in frequency.","T1550.001"
"Low","entra_sign_in_risk_not_blocked","Medium and high sign-in risk not blocked","Entra Access Policy","tenant","policy","","No enabled CA policy blocks medium and high sign-in risk.","T1078.004"
"Medium","entra_weak_auth_methods","Weak authentication methods enabled","Entra Access Policy","authenticationMethodsPolicy","policy","","Enabled: Sms, Email.","T1111"
"Low","entra_users_can_create_security_groups","Users can create security groups","Entra Access Policy","authorizationPolicy","policy","","defaultUserRolePermissions.allowedToCreateSecurityGroups = true.",""
"Low","entra_users_can_create_tenants","Users can create tenants","Entra Access Policy","authorizationPolicy","policy","","defaultUserRolePermissions.allowedToCreateTenants = true.",""
"Medium","entra_user_consent_allowed","Users can consent to applications","Entra Applications","authorizationPolicy","policy","","Users can consent to any app, for any permission it asks.","T1528"
"Low","entra_guest_access_not_restricted","Guest access to the directory not restricted","Entra Access Policy","authorizationPolicy","policy","","Guest user access: limited (default).","T1087.004"
"Low","entra_banned_passwords_off","Custom banned password list not enforced","Entra Access Policy","Password Rule Settings","policy","","Custom banned list enforced: False; entries: 0.","T1110.003"
"Low","entra_smart_lockout_weak","Smart lockout weaker than baseline","Entra Access Policy","Password Rule Settings","policy","","Lockout threshold 20, duration 30 s (baseline: 10 or less, 60 s or more).","T1110.001"
"Low","entra_app_secret_long_lived","Application secret valid for too long","Entra Applications","Legacy Sync App","application","00000300-0000-0000-0000-000000000000","Client secret valid for 730 days (limit 180).","T1552.001"
"Medium","entra_admin_inactive","Inactive admin account","Entra Identity","ext.partner_gmail.com#EXT#@moosebank.onmicrosoft.com","user","00000004-0000-0000-0000-000000000000","Last sign-in: 400 days ago (threshold 90). Roles: Global Administrator.","T1078.004"
"Medium","entra_no_emergency_access","No emergency access account excluded from Conditional Access","Entra Identity","Conditional Access","policy","","No user or group is excluded from all 2 enabled policies.",""
"Medium","entra_no_managed_device","No Conditional Access requiring a managed device","Entra Access Policy","all users","policy","","No enabled CA policy for all users requires a compliant or hybrid-joined device.","T1078.004"
"Low","entra_security_info_registration","MFA registration not protected","Entra Access Policy","security info registration","policy","","No enabled CA policy protects the ""register security information"" action.","T1098.005"
"Low","entra_intune_enrollment_reauth","Intune enrollment doesn't require a fresh sign-in","Entra Access Policy","Microsoft Intune Enrollment","policy","","No enabled CA policy sets sign-in frequency ""every time"" for Intune enrollment.",""
"Low","entra_token_protection_off","Token protection not enforced","Entra Access Policy","tenant","policy","","No enabled CA policy enforces token protection.","T1550.001"
"Low","entra_no_geo_restriction","No geographic access restriction","Entra Access Policy","tenant","policy","","No enabled block policy uses a country location (1 country location(s) defined).","T1078.004"
"Low","entra_admin_licensed","Admin account licensed for mailbox and productivity apps","Entra Identity","alice.ceo@moosebank.onmicrosoft.com","user","00000001-0000-0000-0000-000000000000","Licences with mail / productivity apps: SPE_E5. Roles: Global Administrator.","T1566"
"Medium","entra_users_not_mfa_capable","Members not capable of MFA","Entra Identity","4 users","users","","Not MFA capable: bob.admin@moosebank.onmicrosoft.com, carol.sec@moosebank.onmicrosoft.com, user7@moosebank.onmicrosoft.com, user8@moosebank.onmicrosoft.com.","T1078.004"
"Low","entra_users_read_bitlocker_keys","Users can read their own BitLocker keys","Entra Access Policy","authorizationPolicy","policy","","defaultUserRolePermissions.allowedToReadBitlockerKeysForOwnedDevice = true.",""
"Low","entra_per_user_mfa_admins","Legacy per-user MFA still in use","Entra Identity","bob.admin@moosebank.onmicrosoft.com","user","00000002-0000-0000-0000-000000000000","Per-user MFA: enforced.",""
"Low","entra_password_expiry_set","Password expiration still configured","Entra Access Policy","moosebank-cloud.example","domain","","Passwords expire after 90 days.",""
"Low","entra_idle_timeout_missing","No idle session timeout for Microsoft 365 web apps","Entra Access Policy","tenant","policy","","No activity-based timeout policy.",""
"Low","entra_kmsi_shown","""Stay signed in?"" prompt shown","Entra Access Policy","company branding","policy","","No company branding: the prompt is shown by default.",""
"Low","entra_users_can_create_m365_groups","Users can create Microsoft 365 groups","Entra Access Policy","Group.Unified","policy","","EnableGroupCreation is on (or not set).",""
"Low","entra_device_join_unrestricted","Any user can join devices to Entra ID","Entra Access Policy","deviceRegistrationPolicy","policy","","All users can join devices to Entra ID.","T1098.005"
"Low","entra_device_quota_high","High device limit per user","Entra Access Policy","deviceRegistrationPolicy","policy","","Up to 50 devices per user (baseline 10).","T1098.005"
"Low","entra_device_join_ga_local_admin","Global Admins become local admins on joined devices","Entra Access Policy","deviceRegistrationPolicy","policy","","Global Administrators are added as local admins on join.","T1078.004"
"Medium","entra_device_join_user_local_admin","Users become local admins on the devices they join","Entra Access Policy","deviceRegistrationPolicy","policy","","Registering users made local admin: all.","T1078.003"
"Medium","entra_device_laps_off","Windows LAPS not enabled for Entra-joined devices","Entra Access Policy","deviceRegistrationPolicy","policy","","Microsoft Entra LAPS is not enabled.","T1550.002"
"Low","entra_password_hash_sync_off","Password hash sync off in a synced tenant","Entra Access Policy","Entra Connect","sync","","Directory sync is on, password hash sync is off.",""
"Medium","entra_authenticator_context_off","Authenticator prompts lack app name and location","Entra Access Policy","Microsoft Authenticator","policy","","App name: enabled; location: default.","T1621"
"Low","entra_system_preferred_mfa_off","System-preferred MFA not enabled","Entra Access Policy","authenticationMethodsPolicy","policy","","System-preferred MFA: disabled.",""
"Low","entra_authenticator_lite_on","Authenticator Lite (companion apps) allowed","Entra Access Policy","Microsoft Authenticator","policy","","Companion apps: default.",""
"Low","entra_no_admin_access_review","No access review for admin roles","Entra Identity","access reviews","policy","","1 active review(s), none covering admin roles.","T1078.004"
"Medium","entra_pim_activation_no_approval","Top admin roles activate without approval","Entra Identity","PIM","policy","","Activation without approval: Privileged Role Administrator.","T1078.004"
"Medium","entra_risky_delegated_grant","Third-party app with risky delegated permissions","Entra Applications","Mail Helper Pro","serviceprincipal","00000404-0000-0000-0000-000000000000","App from another tenant, consented by 2 user(s): Mail.Read.","T1528"
"High","entra_privileged_app_owner","Regular user owns an app with tenant-takeover permissions","Entra Applications","Backup Automation","serviceprincipal","00000400-0000-0000-0000-000000000000","Owned by non-admin user(s): user12@moosebank.onmicrosoft.com. Permissions: RoleManagement.ReadWrite.Directory.","T1098.001"
"High","entra_sp_in_admin_role","Service principal in an admin role","Entra Identity","Backup Automation","serviceprincipal","00000400-0000-0000-0000-000000000000","Holds the Security Administrator role.","T1098.003"
"Medium","entra_admin_no_phishing_resistant_method","Admin without a phishing-resistant method registered","Entra Identity","dave.appadmin@moosebank.onmicrosoft.com","user","00000005-0000-0000-0000-000000000000","Registered: microsoftAuthenticatorPush. Roles: Application Administrator.","T1556.006"
"Medium","entra_admin_no_phishing_resistant_method","Admin without a phishing-resistant method registered","Entra Identity","bob.admin@moosebank.onmicrosoft.com","user","00000002-0000-0000-0000-000000000000","Registered: sms. Roles: Global Administrator.","T1556.006"
"Medium","entra_admin_no_phishing_resistant_method","Admin without a phishing-resistant method registered","Entra Identity","carol.sec@moosebank.onmicrosoft.com","user","00000003-0000-0000-0000-000000000000","Registered: nothing. Roles: Security Administrator.","T1556.006"
"Low","entra_admin_password_old","Admin password not changed in over a year","Entra Identity","alice.ceo@moosebank.onmicrosoft.com","user","00000001-0000-0000-0000-000000000000","Password last changed 500 days ago. Roles: Global Administrator.","T1078.004"
"Medium","entra_sync_stale","Directory sync has stopped","Entra Identity","directory sync","sync","","Last sync: 3 day(s) ago.",""
"Low","entra_app_insecure_redirect","App with an insecure redirect URI","Entra Applications","Legacy Sync App","application","00000300-0000-0000-0000-000000000000","Redirect URI(s): http://sync.moosebank-cloud.example/callback.","T1528"
"Medium","entra_federated_domain","Federated domain","Entra Access Policy","moosebank.example","domain","","Federated; IdP MFA: acceptIfMfaDoneByFederatedIdp.","T1606.002"
"High","entra_first_party_sp_credentials","Credential added to a Microsoft first-party app","Entra Applications","Office 365 Exchange Online","serviceprincipal","00000403-0000-0000-0000-000000000000","1 credential(s) on a Microsoft-owned app.","T1098.001"
"Medium","entra_cross_tenant_mfa_trust","MFA or device claims trusted from any tenant","Entra Access Policy","cross-tenant default","policy","","Accepted from any external tenant: MFA.","T1199"
"Low","entra_app_management_policy_weak","No tenant-wide rules for app credentials","Entra Applications","defaultAppManagementPolicy","policy","","the policy is off.","T1552.001"
"Medium","entra_b2b_direct_connect_open","B2B direct connect open to every tenant","Entra Access Policy","cross-tenant default","policy","","B2B direct connect allowed with any tenant: inbound (their users into your shared channels).","T1199"
"High","entra_access_package_external_no_approval","External users can get an access package without approval","Entra Identity","Project Elk partners","accesspackage","00000600-0000-0000-0000-000000000000","Policy 'Partner self-service': requests from allExternalUsers, no approval.","T1098"
"Low","entra_access_package_no_expiry","Access package assignments never expire and are never reviewed","Entra Identity","Finance share","accesspackage","00000601-0000-0000-0000-000000000000","Policy 'Finance staff': no expiry, no access review.","T1078.004"
"Medium","entra_no_workload_identity_ca","Privileged apps without workload identity Conditional Access","Entra Access Policy","workload identities","policy","","No enabled policy targets service principals. Privileged apps of this tenant: Backup Automation.","T1078.004"
